Hello,Hello World!
do you sell product?, yes
what product?, armor sa paa
how much?,I don't know.
Hello,Hello World!
what time is it?,getTime()
Hello,Hello World!
Hello,Hello World!
Hello,Hello World!
Paano ko maa-access ang online enrollment system?,punta ka sa lspu portal
Hello,Hello World!
hi,IDKresponse
Paano ko maa-access ang online enrollment system?,punta ka sa lspu portal
Hello,Hello World!
hello,Hello World!
Hello,Hello World!
hi,IDKresponse
Hello,Hello World!
Hello,Hello World!
Hi,Hi Hello
what the requirements of continuing students?,IDKresponse
Hello,Hello World!
Hello,Hello World!
Hello,Hello World!
Paano ko maa-ccess ang course schedule for upcoming semester?,Go to the LSPU web portal for students and faculty. Here is the provided link: http://203.177.107.115/lspu/scc/myaccount/index.php
Hello,Hello World!
Anong ang mga hakbang to enroll in laboratory classes?,f
Hello,Hello World!
Paano ko maa-access ang online enrollment system?,Go to the student portal
Maari ba akong mag-enroll in a course na mas mataas sa aking current grade?,It is advisable to consult with your academic advisor regarding your desire to enroll in a course with a higher prerequisite grade.
Hello,Hello World!
Hello,Hello World!
Hello,Hello World!
Hello,Hello World!
Hello,Hello World!
Hello,Hello World!
Hello,Hello World!
Hello,Hello World!
Hello,Hello World!
Hello,Hello World!
Hello,Hello World!
hi,IDKresponse
hello,Hello World!
Hello,Hello World!
Ano ang dapat gawin if a required course ay full na?,Contact the Instructor or Department
Hello,Hello World!
Hello,Hello World!
,IDKresponse
Hello,Hello World!
Hello,Hello World!
Hello,Hello World!
Hello,Hello World!
Hello,Hello World!
Hello,Hello World!
Hello,Hello World!
Hello,Hello World!
Hello,Hello World!
Hello,Hello World!
Kelan po kaya ang start ng enrollment para ngayong summer semester?,ff
Hello,Hello World!
hi,IDKresponse
hello,Hello World!
Hello,Hello World!
Paano ko maa-access ang mga nakaraang pagsusulit o materyales sa pag-aaral para sa mga partikular na kurso?, Academic advisors can guide you on accessing past exams or study materials for specific courses. They can inform you about resources such as digital archives
Hello,Hello World!
hello,Hello World!
Hello,Hello World!
hi,IDKresponse
Hello,Hello World!
hi,IDKresponse
Greetings,Hi I'm ContinuED AssistantBot Can I help you?
Hi,Hi Hello
Hello,Hello World!
Hi,Hi I'm ContinuED AssistantBot Can I help you?
Yes,What is your questions or concerns?
No,Ok have a nice day.
Hello,Hello World!
Hi,Hi I'm ContinuED AssistantBot Can I help you?
No,Ok have a nice day.
Hello,Hello World!
Hello,Hello World!
Hello,Hello World!
Hello,Hello World!
Hello,Hello World!
sdsd,IDKresponse
Hello,Hello World!
hi,IDKresponse
Hello,Hello World!
Hello,Hello World!
Hello,Hello World!
Hello,Hello World!
Hello,Hello World!
Hello,Hello World!
Hello,Hello World!
Hello,Hello World!
Hello Boi,Hello World!
Hello,Hello World!
hi,IDKresponse
Hello,Hello World!
Hello,Hello World!
Hi,Hi I'm ContinuED AssistantBot Can I help you?
Hi,Hi I'm ContinuED AssistantBot Can I help you?
Hi,Hi I'm ContinuED AssistantBot Can I help you?
Hi,Hi I'm ContinuED AssistantBot Can I help you?
Hello,Hello World!
hello,Hello World!
hi ,IDKresponse
hi,IDKresponse
Hello,Hello World!
Hello,Hello World!
Hi,Hi I'm ContinuED AssistantBot Can I help you?
Yes,What is your questions or concerns?
Hello,Hello World!
Hello,Hello World!
Hello,Hello World!
Hello,Hello World!
Hello,Hello World!
Hello,Hello World!
Hello,Hello World!
Hello,Hello World!
Hello,Hello World!
Hello,Hello World!
Hello,Hello World!
Hello,Hello World!
Hello,Hello World!
Hello,Hello World!
Hello,Hello World!
Hello,Hello World!
Hello,Hello World!
Hello,Hello World!
Hello,Hello World!
Hello,Hello World!
Hello,Hello World!
Hello,Hello World!
Hello,Hello World!
Hello,Hello World!
Hello,Hello World!
Hello,Hello World!
Hello,Hello World!
Hello,Hello World!
Hello,Hello World!
Hello,Hello World!
Hi,Hi I'm ContinuED AssistantBot Can I help you?
Hello,Hello World!
Hello,Hello World!
Hello,Hello World!
hi,IDKresponse
Hello,Hello World!
Hello,Hello World!
Hello,Hello World!
hi,Sorry your question is not in my data. Thank you :)
Hello,Hello World!
hi,Sorry your text input is not in my data let's try again. Thank you :)
enrolled,Sorry your text input is not in my data let's try again. Thank you :)
Ano ang dapat gawin if a required course ay full na?,Contact the Instructor or Department
Maari ba akong mag-enroll in courses that have time conflicts?,"Generally, it is not possible to enroll in courses that have time conflicts. Educational institutions typically have scheduling systems in place to ensure that courses are scheduled at different times, allowing students to attend all of their classes without overlapping time slots."
Hello,Hello World!
hi,Sorry your text input is not in my data let's try again. Thank you :)
Hello,Hello World!
hi,Sorry your text input is not in my data let's try again. Thank you :)
Hello,Hello World!
hi,Sorry your text input is not in my data let's try again. Thank you :)
Hello,Hello World!
Hello,Hello World!
Hello,Hello World!
Hello,Hello World!
Hello,Hello World!
Hello,Hello World!
Hello,Hello World!
Hello,Hello World!
Hello,Hello World!
Hello,Hello World!
Hello,Hello World!
Hello,Hello World!
Hello,Hello World!
Hello,Hello World!
Hello,Hello World!
hi,Sorry your text input is not in my data let's try again. Thank you :)
Hello,Hello World!
Hello,Hello World!
Hello,Hello World!
Hello,Hello World!
hi,Sorry your text input is not in my data let's try again. Thank you :)
Hello,Hello World!
Hello,Hello World!
Hello,Hello World!
Hello,Hello World!
Hello,Hello World!
Hello,Hello World!
Hello,Hello World!
hi,Sorry your text input is not in my data let's try again. Thank you :)
Hello,Hello World!
Hello,Hello World!
Hello,Hello World!
Hello,Hello World!
Hello,Hello World!
Hello,Hello World!
Hello,Hello World!
Hello,Hello World!
Hello,Hello World!
Hello,Hello World!
Hello,Hello World!
Hello,Hello World!
Hello,Hello World!
Hello,Hello World!
Hello,Hello World!
Hi,Hi I'm ContinuED AssistantBot Can I help you?
Hello,Hello World!
Hello,Hello World!
Hello,Hello World!
Hello,Hello World!
Hello,Hello World!
sdds,Sorry your text input is not in my data let's try again. Thank you :)
Hello,Hello World!
Hello,Hello World!
Hello,Hello World!
Hello,Hello World!
hello,Hello World!
Hello,Hello World!
hello,Hello World!
Hello,Hello World!
heelo,Sorry your text input is not in my data let's try again. Thank you :)
Hello,Hello World!
Hello,Hello World!
Hello,Hello World!
Hello,Hello World!
Hello,Hello World!
Hello,Hello World!
asa,Sorry your text input is not in my data let's try again. Thank you :)
Hello,Hello World!
Hello,Hello World!
Hello,Hello World!
Hello,Hello World!
hello,Hello World!
Hello,Hello World!
,Sorry your text input is not in my data let's try again. Thank you :)
,Sorry your text input is not in my data let's try again. Thank you :)
,Sorry your text input is not in my data let's try again. Thank you :)
Hello,Hello World!
Hello,Hello World!
Hello,Hello World!
Hello,Hello World!
,Sorry your text input is not in my data let's try again. Thank you :)
Hello,Hello World!
heelo,Sorry your text input is not in my data let's try again. Thank you :)
Hello,Hello World!
hello,Hello World!
Hello,Hello World!
Hello,Hello World!
hi,Sorry your text input is not in my data let's try again. Thank you :)
Hello,Hello World!
Hello,Hello World!
Hello,Hello World!
hello,Hello World!
Hello,Hello World!
Hello,Hello World!
Hello,Hello World!
flask run,Sorry your text input is not in my data let's try again. Thank you :)
Hello,Hello World!
heelo,Sorry your text input is not in my data let's try again. Thank you :)
Hello,Hello World!
Hello,Hello World!
heelo,Sorry your text input is not in my data let's try again. Thank you :)
Hello,Hello World!
Hello,Hello World!
Hello,Hello World!
Hello,Hello World!
,Sorry your text input is not in my data let's try again. Thank you :)
Hello,Hello World!
sdsdsdsds,Sorry your text input is not in my data let's try again. Thank you :)
Hello,Hello World!
Hello,Hello World!
Hello,Hello World!
Hello,Hello World!
Hello,Hello World!
Hello,Hello World!
Hello,Hello World!
Hello,Hello World!
Hello,Hello World!
Hello,Hello World!
Hello,Hello World!
Hello,Hello World!
Hello,Hello World!
Hello,Hello World!
Hello,Hello World!
Hello,Hello World!
Hello,Hello World!
Hello,Hello World!
Hello,Hello World!
Hello,Hello World!
Hello,Hello World!
Hello,Hello World!
Hello,Hello World!
Hello,Hello World!
Hello,Hello World!
hi,Sorry your text input is not in my data let's try again. Thank you :)
Hello,Hello World!
Hello,Hello World!
Hello,Hello World!
hi,Sorry your text input is not in my data let's try again. Thank you :)
Hello,Hello World!
Hello,Hello World!
Hello,Hello World!
Hello,Hello World!
Hello,Hello World!
Hello,Hello World!
Hello,Hello World!
Hello,Hello World!
Hello,Hello World!
Hi,Hi I'm ContinuED AssistantBot Can I help you?
Hello,Hello World!
Hello,Hello World!
Hello,Hello World!
Hi,Hi I'm ContinuED AssistantBot Can I help you?
Yes,What is your questions or concerns?
Hello,Hello World!
Hi,Hi I'm ContinuED AssistantBot Can I help you?
Yes,What is your questions or concerns?
when is the admission date?,Sorry your text input is not in my data let's try again. Thank you :)
Ano ang gagawin sa pag-eenroll?, The first step in the enrollment process may vary depending on the institution or organization. It is best to check with the specific institution to determine their exact enrollment process.
Maganda ba ako?,Sorry your text input is not in my data let's try again. Thank you :)
What are the courses available in LSPU?,Sorry your text input is not in my data let's try again. Thank you :)
Ano ang gagawin kapag transferee?,Sorry your text input is not in my data let's try again. Thank you :)
Hello,Hello World!
Hello,Hello World!
Hello,Hello World!
Anong ang mga hakbang to enroll in laboratory classes?,Steps: 1.Reviews Course Requirements 2. Check Available lab Sections 3. Register for lecture and Lab 4. Access lab safety information 5. Attend lab orientation 6. Obtain lab materials or equipment.
Hello,Hello World!
Hello,Hello World!
Hello,Hello World!
Hello,Hello World!
Hello,Hello World!
Hello,Hello World!
Hello,Hello World!
Hello,Hello World!
Hello,Hello World!
Hello,Hello World!
Hello,Hello World!
Hello,Hello World!
Hello,Hello World!
Hello,Hello World!
Hello,Hello World!
Hello,Hello World!
Hello,Hello World!
Hello,Hello World!
Hello,Hello World!
Hello,Hello World!
Hello,Hello World!
Hello,Hello World!
Hello,Hello World!
Hello,Hello World!
Hello,Hello World!
Hello,Hello World!
Hello,Hello World!
Hello,Hello World!
Hello,Hello World!
Hello,Hello World!
Hello,Hello World!
Hello,Hello World!
Hello,Hello World!
Hello,Hello World!
Hello,Hello World!
Hello,Hello World!
Hello,Hello World!
Hello,Hello World!
Hello,Hello World!
Hello,Hello World!
Hello,Hello World!
Hello,Hello World!
Hello,Hello World!
Hello,Hello World!
Hello,Hello World!
Hello,Hello World!
Hello,Hello World!
Hello,Hello World!
hi,Sorry your text input is not in my data let's try again. Thank you :)
Hello,Hello World!
Hello,Hello World!
Hello,Hello World!
Hello,Hello World!
Hello,Hello World!
Hello,Hello World!
Hello,Hello World!
Hello,Hello World!
Hello,Hello World!
Hello,Hello World!
Hello,Hello World!
Hello,Hello World!
Hello,Hello World!
Hello,Hello World!
Hello,Hello World!
Hello,Hello World!
Hello,Hello World!
Hello,Hello World!
Hello,Hello World!
Hello,Hello World!
Hello,Hello World!
hi, 
Hello,Hello World!
Hi,Hi I'm ContinuED AssistantBot Can I help you?
Yes,What is your questions or concerns?
Hello,Hello World!
What's up?,I'm Good!
How about your day?,Nyiii!!!
Hello,Hi Good Day!!! How can I help for you?
Yes,What is your questions or concerns?
Requirements,Sorry your text input is not in my data let's try again. Thank you :)
Can I enroll in courses sa ibang campus within the university system?,"Enrolling in courses at a different campus within your university system is typically possible, although the specific policies and procedures may vary depending on your educational institution."
Hello,Hi Good Day!!! How can I help for you?
Hi,Hi I'm ContinuED AssistantBot Can I help you?
Hello,Hi Good Day!!! How can I help for you?
Hello,Hi Good Day!!! How can I help for you?
Yes,What is your questions or concerns?
Hello,Hi Good Day!!! How can I help for you?
Hi,Hi I'm ContinuED AssistantBot! How Can I help you?
"Can you help me, because ",Sorry your text input is not in my data let's try again. Thank you :)
"Can you help me, because I want to continue my study.",Sorry your text input is not in my data let's try again. Thank you :)
